,P1_count,P1p_count,bg_freq,P1_enrich,P1p_enrich,P1_pval,P1p_pval
A,142,85,0.06626506024096386,1.674147727272727,1.0021306818181817,3.842926203395756e-09,0.9551767500065763
C,0,0,1e-09,0.0,0.0,1.0,1.0
D,96,101,0.06235753826115272,1.2027415143603133,1.2653843015665796,0.06413767740588087,0.01756696346305822
E,95,70,0.09540866167372192,0.7779036902730375,0.5731921928327645,0.008782569761368405,1.4294094151429014e-07
F,23,51,0.02377075871051775,0.7559182363013698,1.6761665239726025,0.19784143298517043,0.0004553254418131231
G,21,41,0.07114946271572778,0.23058852974828375,0.45019665331807773,3.050610590564016e-19,2.3200037494630206e-09
H,19,4,0.015630087919244546,0.9496907552083332,0.19993489583333335,0.9104052977700643,3.607430664937456e-05
I,11,122,0.06186909801367633,0.13890213815789473,1.5405509868421052,3.3893392991463134e-22,3.166582712552968e-06
K,195,55,0.0742429176164116,2.0519634046052633,0.5787589089912281,3.556054445997018e-21,5.395781283234079e-06
L,272,137,0.07929013350700098,2.680030800821355,1.3498684548254618,4.458562610918683e-50,0.0004221167480266203
M,23,20,0.031748616085965485,0.5659695512820512,0.49214743589743587,0.003092468991164875,0.000421077657978044
N,62,126,0.048518397915988276,0.998332634228188,2.0288695469798657,1.0,2.1382005146260062e-13
P,0,26,0.0348420709866493,0.0,0.5829877336448598,3.5643693476762475e-20,0.0035925830938574365
Q,29,37,0.03972647346141322,0.5703060963114754,0.7276319159836067,0.0009561707701803666,0.05257608607640171
R,83,29,0.06072940410289808,1.067748827077748,0.37306886729222516,0.519537313941428,1.6878836302763774e-10
S,19,52,0.04412243568870075,0.3364218173431734,0.9207333948339483,7.535084344266742e-09,0.5860902223001625
T,56,81,0.05682188212308694,0.7699498567335243,1.1136774713467048,0.04582696457539338,0.30468161235196883
V,25,124,0.08059264083360469,0.24234532828282826,1.2020328282828283,5.147745754867694e-21,0.03510498032033832
W,2,21,0.016444154998371867,0.09501856435643564,0.9976949257425742,3.885648366294089e-07,1.0
Y,107,98,0.03647020514490394,2.2921107700892853,2.0993164062500003,7.6623406146423e-15,1.5944867596692606e-11
