aa,starts_total,starts_with_prev,obs_prev_notS,p_obs_prev_notS_given_start,bg_prev_notS_given_curr,enrichment,p_value,q_value
M,20,20,19,0.95,0.9285714285714286,1.023076923076923,0.5853262221231872,1.0
N,126,126,78,0.6190476190476191,0.7384105960264901,0.8383514840913945,0.9946338759107516,1.0
P,26,26,16,0.6153846153846154,0.7741935483870968,0.7948717948717949,0.9753882557041632,1.0
I,122,122,67,0.5491803278688525,0.7216494845360825,0.7610070257611242,0.999848010354088,1.0
F,51,51,29,0.5686274509803921,0.7516778523489933,0.7564775910364145,0.9953668955553227,1.0
W,21,21,11,0.5238095238095238,0.7087378640776699,0.7390737116764514,0.9694717809321468,1.0
V,124,124,65,0.5241935483870968,0.7623762376237624,0.6875785504817763,0.9999999004132808,1.0
G,41,41,21,0.5121951219512195,0.7483443708609272,0.6844377293330455,0.9994743520552384,1.0
R,29,29,14,0.4827586206896552,0.7085561497326203,0.681327260897853,0.9960000477381593,1.0
D,101,101,55,0.5445544554455446,0.8010335917312662,0.6798147556691153,0.9999998944977293,1.0
E,70,70,33,0.4714285714285714,0.7554438860971524,0.6240418118466899,0.9999995558296537,1.0
A,85,85,42,0.49411764705882355,0.8166259168704156,0.6050722085241282,0.9999999994812788,1.0
S,52,52,23,0.4423076923076923,0.7363013698630136,0.6007155635062612,0.9999887916486857,1.0
L,137,137,63,0.45985401459854014,0.7723577235772358,0.5953899346907414,0.9999999999982885,1.0
Y,98,98,36,0.3673469387755102,0.7008928571428571,0.5241128298453139,0.9999999948801345,1.0
T,81,81,28,0.345679012345679,0.76,0.4548408057179987,0.9999999999994442,1.0
Q,37,37,10,0.2702702702702703,0.75,0.3603603603603604,0.9999999971757983,1.0
K,55,55,13,0.23636363636363636,0.6795698924731183,0.34781357882623704,0.9999999999616757,1.0
H,214,4,0,0.0,0.7395833333333334,0.0,1.0,1.0
C,0,0,0,,,,,
