,P1_count,P1p_count,bg_freq,P1_enrich,P1p_enrich,P1_pval,P1p_pval
A,94,91,0.06626506024096386,1.082859125607217,1.048299791811242,0.4048165420884248,0.6170842467752493
C,0,0,1e-09,0.0,0.0,1.0,1.0
D,97,82,0.06235753826115272,1.1874394594702329,1.003814800789269,0.08602598704668168,0.9543954670058332
E,125,105,0.09540866167372192,1.0001172394028606,0.8400984810984029,1.0,0.059799365997027426
F,39,73,0.02377075871051775,1.2524207884555054,2.344274809160305,0.17210669254328592,7.214241724374746e-11
G,25,35,0.07114946271572778,0.26822366237532097,0.37551312732544934,1.6548336255195552e-17,2.416363356334731e-12
H,9,5,0.015630087919244546,0.43955152671755726,0.24419529262086512,0.007094373886023881,8.048528181613083e-05
I,9,141,0.06186909801367633,0.11104459622338288,1.7396986741663318,6.998948304947424e-25,4.0724569992716467e-10
K,201,80,0.0742429176164116,2.066663318601848,0.8225525646176509,4.254914238957471e-22,0.07273172045119256
L,340,105,0.07929013350700098,3.273320062071884,1.0108782544633759,2.3764904322418539e-85,0.8780796028396578
M,21,7,0.031748616085965485,0.504920728126835,0.16830690937561166,0.0004991116913453542,4.777852318807739e-11
N,40,95,0.048518397915988276,0.6293355192376658,1.4946718581894565,0.0015771394160830022,0.00013933012869294325
P,0,22,0.0348420709866493,0.0,0.4820004280516516,1.1228382304863421e-20,0.00014762197830633556
Q,35,51,0.03972647346141322,0.6725378550869728,0.9799837316981606,0.013157930707991077,0.9435993885925116
R,98,58,0.06072940410289808,1.2318441356445573,0.7290506108916768,0.03699217727302425,0.010803891130248544
S,15,50,0.04412243568870075,0.2595138165122109,0.8650460550407031,2.2075215940936355e-11,0.3452807770918038
T,55,53,0.05682188212308694,0.7388831776723026,0.7120146984842188,0.01964162649891711,0.010051486886394349
V,29,136,0.08059264083360469,0.27468270491171254,1.2881671678618243,1.8898731482767676e-19,0.0027128053570064413
W,3,32,0.016444154998371867,0.13926385004912706,1.4854810671906884,1.7935103744767265e-06,0.029081330207725548
Y,75,89,0.03647020514490394,1.569826881134133,1.862861232279171,0.00020850331388031756,5.191118156309596e-08
