,P1_count,P1p_count,bg_freq,P1_enrich,P1p_enrich,P1_pval,P1p_pval
A,68,100,0.0665783371977476,1.056208101169437,1.5532472076021135,0.6060473538678932,1.849372569756122e-05
C,0,0,1e-09,0.0,0.0,1.0,1.0
D,82,42,0.06293474660483604,1.3474010776683176,0.6901322592935285,0.007879306938936348,0.011603518576354535
E,177,55,0.0967207684663796,1.8924615035911092,0.5880530095904577,2.1366069339596002e-16,9.562068675164553e-06
F,79,75,0.024677045379264656,3.3106056925522096,3.142980087866022,9.990599548677323e-20,1.4167543958463032e-17
G,44,16,0.07088439880755217,0.6419120702819202,0.23342257101160738,0.0013570344254819871,1.2131364482525442e-14
H,0,8,0.016230539913878766,0.0,0.5097186754743264,2.7864442146051896e-07,0.05434629877888583
I,8,146,0.06160980457105002,0.13428072633463434,2.4506232556070766,3.510615217624973e-17,4.648172464492218e-23
K,3,38,0.07270619410400794,0.04267007135234963,0.5404875704630954,2.3987060043857668e-27,2.2748044590044276e-05
L,272,106,0.07933090427293805,3.5456839805437474,1.3817739041824897,7.981881845799926e-77,0.0008371448334499213
M,16,13,0.03196422656508778,0.5176417636941344,0.42058393300148417,0.0043742153333149215,0.00045551580739167953
N,29,22,0.04786353097052004,0.6265659496963819,0.47532589287311733,0.008101450364530634,8.079483343418972e-05
P,0,14,0.034614110632659824,0.0,0.41826197532941123,3.524370283493765e-15,0.0001968236051512414
Q,28,18,0.03991387876780391,0.7254502310692693,0.4663608628302445,0.08414663154987083,0.00027498046892852207
R,2,40,0.06227227558794303,0.03321305199234307,0.6642610398468612,3.806753687305436e-24,0.006183413430392493
S,42,24,0.04190129181848294,1.0365622866859323,0.5923213066776755,0.8093523856571071,0.006147458553164932
T,29,21,0.05697250745279894,0.5263882542507394,0.38117770135398377,0.00012384600538013866,1.4832829694158432e-07
V,14,75,0.07933090427293805,0.18249844017504582,0.9776702152234599,4.1049555642700266e-19,0.9051942300233078
W,26,35,0.017224246439218285,1.561013443640124,2.101364251054013,0.025812645758326237,5.779582688539689e-05
Y,48,119,0.03627028817489235,1.3685597314105196,3.3928876674552466,0.03109530796806484,2.4401284784491746e-30
