,P1_count,P1p_count,bg_freq,P1_enrich,P1p_enrich,P1_pval,P1p_pval
A,79,96,0.0665783371977476,1.068021727545889,1.297849187903865,0.5467989994689773,0.01127182965345594
C,0,0,1e-09,0.0,0.0,1.0,1.0
D,96,63,0.06293474660483604,1.3729878250982992,0.9010232602207588,0.0019646390828661074,0.4218528595712691
E,194,92,0.0967207684663796,1.805377113053771,0.8561582185615821,1.1823671308950302e-15,0.12735221284856268
F,101,58,0.024677045379264656,3.6839536302623554,2.115537728269471,2.7681657989224158e-28,1.889423502409025e-07
G,43,19,0.07088439880755217,0.5460139471891114,0.24126197666495625,8.002337933038468e-06,2.41906270186691e-16
H,0,20,0.016230539913878766,0.0,1.109131321295395,3.001443551882433e-08,0.6332702941376032
I,10,166,0.06160980457105002,0.146095254686759,2.4251812278001994,6.795667836917227e-19,1.7589311727614802e-25
K,5,54,0.07270619410400794,0.061899128409424096,0.6685105868217802,3.1355038248121233e-29,0.0014330797514795204
L,336,109,0.07933090427293805,3.8122626458888065,1.2367161559579758,6.566244724298344e-104,0.02275780381836988
M,19,15,0.03196422656508778,0.5350265596507837,0.4223893891979871,0.003522879897536367,0.0001537497201625765
N,23,38,0.04786353097052004,0.43252283705879235,0.7146029481840918,3.0425438655869365e-06,0.03444654543135043
P,0,9,0.034614110632659824,0.0,0.23403201564175555,2.6136216769309443e-17,1.5304949823231415e-08
Q,43,34,0.03991387876780391,0.9696845203192517,0.7667272951361526,0.9387971116275773,0.12452315826722102
R,1,58,0.06227227558794303,0.014454104984966581,0.8383380891280617,1.2448264430272974e-29,0.17199014283216768
S,32,24,0.04190129181848294,0.6873983841071853,0.5155487880803891,0.02936346242969535,0.00030528486473487297
T,32,26,0.05697250745279894,0.5055575324974357,0.41076549515416655,1.2922872287417013e-05,8.787198942614332e-08
V,22,99,0.07933090427293805,0.24961243514748135,1.123255958163666,9.543906996586573e-18,0.22191902184219078
W,28,50,0.017224246439218285,1.463200166170463,2.6128574395901127,0.048798070202996674,2.1111255683504383e-09
Y,47,81,0.03627028817489235,1.1663604716636047,2.010110600101106,0.29564223219304697,7.161464467710932e-09
