aa,starts_total,starts_with_prev,obs_prev_notS,p_obs_prev_notS_given_start,bg_prev_notS_given_curr,enrichment,p_value,q_value
F,75,75,44,0.5866666666666667,0.756578947368421,0.7754202898550725,0.9970334503847723,1.0
I,146,146,68,0.4657534246575342,0.7026315789473684,0.6628700425837566,0.9999998317786468,1.0
G,16,16,7,0.4375,0.7918552036199095,0.5525,0.9995541382546451,1.0
V,75,75,31,0.41333333333333333,0.7571428571428571,0.5459119496855346,0.9999999987474478,1.0
S,24,24,10,0.4166666666666667,0.7672727272727272,0.5430489731437599,0.9999060291121715,1.0
R,40,40,15,0.375,0.713527851458886,0.5255576208178439,0.9999939096689384,1.0
A,100,100,35,0.35,0.6955445544554455,0.503202846975089,0.99999999993245,1.0
M,13,13,6,0.46153846153846156,0.9278350515463918,0.49743589743589745,0.9999973427075868,1.0
Q,18,18,7,0.3888888888888889,0.7925311203319502,0.4906922629435719,0.9999350786424824,1.0
Y,119,119,41,0.3445378151260504,0.7808219178082192,0.44125018428424,0.9999999999999996,1.0
W,35,35,10,0.2857142857142857,0.660377358490566,0.4326530612244898,0.9999790934681553,1.0
L,106,106,33,0.3113207547169811,0.7520661157024794,0.4139539705577441,1.0,1.0
K,38,38,11,0.2894736842105263,0.7203579418344519,0.4018470088264139,0.999999973208754,1.0
P,14,14,4,0.2857142857142857,0.7283950617283951,0.3922518159806295,0.999860928099306,1.0
E,55,55,13,0.23636363636363636,0.6666666666666666,0.35454545454545455,0.9999999999144275,1.0
D,42,42,11,0.2619047619047619,0.7447916666666666,0.3516483516483517,0.9999999998849338,1.0
H,396,8,2,0.25,0.7857142857142857,0.3181818181818182,0.9997600154399242,1.0
N,22,22,5,0.22727272727272727,0.7610921501706485,0.29861394211169995,0.9999999415848831,1.0
T,21,21,4,0.19047619047619047,0.7391304347826086,0.257703081232493,0.9999999527441672,1.0
C,0,0,0,,,,,
